region,total_demand,cold_demand,total_cap,cold_cap,gap_ratio,cold_violation_ratio,avg_cost,avg_time,norm_cost,norm_time,norm_gap,norm_cold,risk_score,risk_label,is_bottleneck
Giresun,5159151.0,19104.0,722767.0,5799.0,6.138055555939881,2.0,5.840624999999999,68.79960317460318,0.1527891714520098,1.0,1.0,1.0,78.81972928630024,CRITICAL,True
Ordu,8848670.25,26599.5,1659772.0,9611.0,4.331256491855508,2.0,7.522499999999999,35.09316770186335,0.3367514356029532,0.0,0.35297913563638716,1.0,34.00815995916544,LOW,False
Rize,3469873.0,8980.0,551432.0,2968.0,5.292476678901479,2.0,4.44375,58.44494047619048,0.0,0.6927986435472521,0.6971953402099772,1.0,56.69981951271688,HIGH,False
Trabzon,9102865.5,27475.75,2094748.0,14340.0,3.345565910553441,1.9160216178521619,13.58625,52.49145450259312,1.0,0.5161710681273516,0.0,0.0,40.48513204382054,LOW,False
